Date,Open,High,Low,Close,Adj Close,Volume
2022-08-26 00:00:00+05:30,260.0,312.0,256.3999938964844,310.5,307.9698486328125,59961608
2022-08-29 00:00:00+05:30,309.0,342.79998779296875,302.1000061035156,326.25,323.5915222167969,26916230
2022-08-30 00:00:00+05:30,328.75,334.8999938964844,297.45001220703125,309.75,307.2259826660156,14738635
2022-09-01 00:00:00+05:30,307.0,322.75,302.54998779296875,310.54998779296875,308.0194091796875,6675246
2022-09-02 00:00:00+05:30,314.8500061035156,317.75,307.1499938964844,308.6000061035156,306.0853271484375,3200134
2022-09-05 00:00:00+05:30,309.70001220703125,311.1499938964844,296.20001220703125,297.95001220703125,295.5221252441406,2385633
2022-09-06 00:00:00+05:30,297.95001220703125,301.70001220703125,285.6499938964844,292.45001220703125,290.0669250488281,3059543
2022-09-07 00:00:00+05:30,290.04998779296875,304.0,290.04998779296875,298.6000061035156,296.16680908203125,2129454
2022-09-08 00:00:00+05:30,304.0,317.6000061035156,301.0,305.25,302.7626037597656,3704362
2022-09-09 00:00:00+05:30,308.0,312.0,302.75,303.70001220703125,301.22528076171875,1348278
2022-09-12 00:00:00+05:30,304.5,307.95001220703125,300.0,300.75,298.29931640625,1008692
2022-09-13 00:00:00+05:30,302.6000061035156,309.0,300.5,302.79998779296875,300.33258056640625,1412597
2022-09-14 00:00:00+05:30,297.0,304.0,295.0,296.6499938964844,294.2326965332031,828216
2022-09-15 00:00:00+05:30,299.75,302.0,295.0,295.6499938964844,293.2408447265625,696342
2022-09-16 00:00:00+05:30,296.0,299.70001220703125,285.0,287.25,284.9093017578125,895009
2022-09-19 00:00:00+05:30,289.0,295.5,288.1000061035156,291.45001220703125,289.0751037597656,503976
2022-09-20 00:00:00+05:30,291.45001220703125,306.79998779296875,291.0,304.25,301.7707824707031,1551226
2022-09-21 00:00:00+05:30,306.0,311.8999938964844,300.0,301.0,298.5472717285156,1467410
2022-09-22 00:00:00+05:30,300.0,304.70001220703125,293.3500061035156,297.0,294.5798645019531,589415
2022-09-23 00:00:00+05:30,298.0,299.8999938964844,286.5,288.70001220703125,286.3475036621094,527352
2022-09-26 00:00:00+05:30,287.5,287.5,270.8999938964844,272.70001220703125,270.4778747558594,778954
2022-09-27 00:00:00+05:30,279.0,282.0,272.20001220703125,274.25,272.0152282714844,876305
2022-09-28 00:00:00+05:30,270.0,276.0,269.70001220703125,274.79998779296875,272.56072998046875,330342
2022-09-29 00:00:00+05:30,278.0,286.0,275.8500061035156,278.54998779296875,276.28021240234375,628845
2022-09-30 00:00:00+05:30,280.0,285.95001220703125,276.04998779296875,282.20001220703125,279.9004821777344,377671
2022-10-03 00:00:00+05:30,282.0,300.8999938964844,280.20001220703125,289.6000061035156,287.24017333984375,1094337
2022-10-04 00:00:00+05:30,295.79998779296875,299.29998779296875,290.54998779296875,294.20001220703125,291.80267333984375,472956
2022-10-06 00:00:00+05:30,295.5,305.8500061035156,295.1499938964844,303.20001220703125,300.7293395996094,1724316
2022-10-07 00:00:00+05:30,304.6499938964844,310.25,300.3500061035156,301.5,299.0431823730469,703871
2022-10-10 00:00:00+05:30,297.0,302.6000061035156,295.5,297.29998779296875,294.8774108886719,292804
2022-10-11 00:00:00+05:30,300.0,302.0,290.1000061035156,291.54998779296875,289.1742858886719,471211
2022-10-12 00:00:00+05:30,293.0,295.54998779296875,288.04998779296875,293.0,290.6124572753906,224818
2022-10-13 00:00:00+05:30,292.54998779296875,292.54998779296875,283.04998779296875,285.1499938964844,282.826416015625,215455
2022-10-14 00:00:00+05:30,291.1499938964844,296.95001220703125,285.5,287.6000061035156,285.2564697265625,293417
2022-10-17 00:00:00+05:30,289.8999938964844,289.8999938964844,281.79998779296875,283.0,280.6939392089844,317836
2022-10-18 00:00:00+05:30,285.1000061035156,291.8500061035156,279.0,279.8500061035156,277.5696105957031,557666
2022-10-19 00:00:00+05:30,282.0,284.3999938964844,279.8999938964844,281.45001220703125,279.1565856933594,262682
2022-10-20 00:00:00+05:30,280.0,281.0,276.79998779296875,278.20001220703125,275.93304443359375,191623
2022-10-21 00:00:00+05:30,280.8999938964844,281.6499938964844,268.5,273.25,271.0234069824219,359130
2022-10-24 00:00:00+05:30,275.0,275.8999938964844,272.5,273.25,271.0234069824219,117471
2022-10-25 00:00:00+05:30,274.1000061035156,280.0,271.3999938964844,278.8500061035156,276.5777893066406,279243
2022-10-27 00:00:00+05:30,280.0,280.70001220703125,274.25,275.75,273.50299072265625,167308
2022-10-28 00:00:00+05:30,277.45001220703125,280.0,272.8999938964844,277.75,275.4866943359375,281734
2022-10-31 00:00:00+05:30,276.54998779296875,279.3500061035156,271.1000061035156,274.75,272.51116943359375,304743
2022-11-01 00:00:00+05:30,278.45001220703125,295.0,278.45001220703125,285.20001220703125,282.87603759765625,903885
2022-11-02 00:00:00+05:30,282.3500061035156,289.6000061035156,282.20001220703125,285.3999938964844,283.07440185546875,266298
2022-11-03 00:00:00+05:30,284.5,288.70001220703125,282.5,284.20001220703125,281.8841857910156,217089
2022-11-04 00:00:00+05:30,285.70001220703125,289.6000061035156,283.04998779296875,285.3999938964844,283.07440185546875,264036
2022-11-07 00:00:00+05:30,289.0,296.5,286.3999938964844,288.3500061035156,286.0003662109375,507607
2022-11-09 00:00:00+05:30,289.95001220703125,294.0,284.45001220703125,288.8500061035156,286.49627685546875,273028
2022-11-10 00:00:00+05:30,289.6499938964844,289.6499938964844,283.6499938964844,285.8500061035156,283.5207214355469,194794
2022-11-11 00:00:00+05:30,289.95001220703125,298.1499938964844,285.75,286.54998779296875,284.2149658203125,756714
2022-11-14 00:00:00+05:30,289.79998779296875,289.79998779296875,277.0,278.20001220703125,275.93304443359375,400970
2022-11-15 00:00:00+05:30,300.0,309.0,288.6000061035156,305.79998779296875,303.30816650390625,3613436
2022-11-16 00:00:00+05:30,309.0,317.54998779296875,302.1499938964844,310.3500061035156,307.8210754394531,2452899
2022-11-17 00:00:00+05:30,310.0,310.0,297.3999938964844,300.1499938964844,297.7041931152344,771828
2022-11-18 00:00:00+05:30,302.3999938964844,306.0,282.1000061035156,292.70001220703125,290.3149108886719,724776
2022-11-21 00:00:00+05:30,292.8500061035156,302.5,291.1499938964844,301.25,298.79522705078125,555283
2022-11-22 00:00:00+05:30,307.79998779296875,307.79998779296875,285.1499938964844,287.5,285.1572570800781,1724629
2022-11-23 00:00:00+05:30,288.45001220703125,289.8500061035156,282.5,284.70001220703125,282.3800964355469,369393
2022-11-24 00:00:00+05:30,285.0,286.29998779296875,282.1000061035156,282.70001220703125,280.39642333984375,369729
2022-11-25 00:00:00+05:30,284.1499938964844,285.3999938964844,278.0,282.54998779296875,280.24761962890625,562366
2022-11-28 00:00:00+05:30,284.0,289.3999938964844,281.54998779296875,284.75,282.4296569824219,488700
2022-11-29 00:00:00+05:30,284.0,289.0,282.29998779296875,286.25,283.91748046875,289105
2022-11-30 00:00:00+05:30,285.1000061035156,286.1000061035156,280.5,281.3999938964844,279.1069641113281,385831
2022-12-01 00:00:00+05:30,282.8999938964844,287.6000061035156,282.29998779296875,284.70001220703125,282.3800964355469,390147
2022-12-02 00:00:00+05:30,284.70001220703125,285.0,279.5,282.3999938964844,280.09881591796875,342158
2022-12-05 00:00:00+05:30,282.70001220703125,284.54998779296875,278.79998779296875,279.25,276.9744873046875,291609
2022-12-06 00:00:00+05:30,279.5,280.3999938964844,276.25,279.29998779296875,277.0240783691406,271878
2022-12-07 00:00:00+05:30,279.75,283.95001220703125,275.0,278.5,276.2306213378906,292919
2022-12-08 00:00:00+05:30,279.8999938964844,286.0,277.54998779296875,283.3500061035156,281.04107666015625,353518
2022-12-09 00:00:00+05:30,281.25,285.20001220703125,277.70001220703125,280.25,277.96636962890625,304037
2022-12-12 00:00:00+05:30,279.8999938964844,285.0,276.29998779296875,283.45001220703125,281.1402893066406,349818
2022-12-13 00:00:00+05:30,284.0,293.75,281.79998779296875,285.79998779296875,283.4710998535156,513303
2022-12-14 00:00:00+05:30,286.1000061035156,308.0,286.1000061035156,297.0,294.5798645019531,2012107
2022-12-15 00:00:00+05:30,298.3500061035156,301.0,290.8999938964844,292.79998779296875,290.4140930175781,593139
2022-12-16 00:00:00+05:30,291.8999938964844,293.6000061035156,283.5,284.3999938964844,282.0825500488281,402334
2022-12-19 00:00:00+05:30,285.79998779296875,285.95001220703125,280.54998779296875,281.6000061035156,279.30535888671875,251717
2022-12-20 00:00:00+05:30,283.0,284.20001220703125,278.45001220703125,283.1000061035156,280.7931213378906,255727
2022-12-21 00:00:00+05:30,283.6499938964844,288.20001220703125,275.04998779296875,276.95001220703125,274.6932678222656,547863
2022-12-22 00:00:00+05:30,277.8999938964844,280.0,263.5,268.0,265.816162109375,594673
2022-12-23 00:00:00+05:30,264.5,268.3999938964844,249.14999389648438,254.14999389648438,252.0790252685547,940384
2022-12-26 00:00:00+05:30,255.25,271.1499938964844,255.0,267.75,265.5682373046875,395719
2022-12-27 00:00:00+05:30,269.3500061035156,278.0,269.3500061035156,273.29998779296875,271.0729675292969,289935
2022-12-28 00:00:00+05:30,273.20001220703125,276.0,268.0,273.5,271.2713317871094,192557
2022-12-29 00:00:00+05:30,272.0,272.70001220703125,268.45001220703125,269.20001220703125,267.00640869140625,143032
2022-12-30 00:00:00+05:30,273.04998779296875,285.0,273.04998779296875,280.8500061035156,278.5614929199219,321265
2023-01-02 00:00:00+05:30,280.8500061035156,281.0,275.79998779296875,276.5,274.24688720703125,154868
2023-01-03 00:00:00+05:30,277.0,279.8999938964844,275.75,277.8999938964844,275.635498046875,166635
2023-01-04 00:00:00+05:30,277.0,278.75,271.3500061035156,275.70001220703125,273.45343017578125,204555
2023-01-05 00:00:00+05:30,275.0,276.8999938964844,269.5,271.6000061035156,269.3868408203125,160103
2023-01-06 00:00:00+05:30,272.0,274.70001220703125,268.95001220703125,270.1499938964844,267.9486389160156,220496
2023-01-09 00:00:00+05:30,272.0,275.5,270.29998779296875,274.04998779296875,271.81683349609375,141630
2023-01-10 00:00:00+05:30,272.04998779296875,273.3999938964844,270.0,270.79998779296875,268.59332275390625,131269
2023-01-11 00:00:00+05:30,271.0,273.1499938964844,269.3999938964844,272.5,270.2795104980469,105729
2023-01-12 00:00:00+05:30,273.0,275.79998779296875,270.25,274.3999938964844,272.1640319824219,100915
2023-01-13 00:00:00+05:30,274.0,274.04998779296875,272.0,272.95001220703125,270.7258605957031,54049
2023-01-16 00:00:00+05:30,273.79998779296875,274.0,270.0,270.6000061035156,268.3949890136719,66265
2023-01-17 00:00:00+05:30,271.45001220703125,272.29998779296875,265.5,266.45001220703125,264.2787780761719,111377
2023-01-18 00:00:00+05:30,266.45001220703125,269.8999938964844,265.04998779296875,266.0,263.8324890136719,68689
2023-01-19 00:00:00+05:30,266.5,269.8999938964844,264.3500061035156,268.8999938964844,266.7088317871094,179445
2023-01-20 00:00:00+05:30,270.0,272.0,266.6000061035156,271.29998779296875,269.0892639160156,129117
2023-01-23 00:00:00+05:30,275.0,276.95001220703125,266.29998779296875,268.0,265.816162109375,194585
2023-01-24 00:00:00+05:30,266.1000061035156,270.29998779296875,264.04998779296875,265.29998779296875,263.1381530761719,145200
2023-01-25 00:00:00+05:30,265.0,265.8999938964844,259.70001220703125,261.6000061035156,259.46832275390625,125206
2023-01-27 00:00:00+05:30,261.6000061035156,263.45001220703125,251.0,259.54998779296875,257.43499755859375,464459
2023-01-30 00:00:00+05:30,259.70001220703125,261.1000061035156,248.10000610351562,252.14999389648438,250.09532165527344,312901
2023-01-31 00:00:00+05:30,254.4499969482422,257.25,251.5,255.5500030517578,253.4676055908203,233618
2023-02-01 00:00:00+05:30,256.04998779296875,271.70001220703125,253.64999389648438,258.0,255.8976593017578,630417
2023-02-02 00:00:00+05:30,258.04998779296875,260.79998779296875,253.6999969482422,254.4499969482422,252.3765869140625,175442
2023-02-03 00:00:00+05:30,254.9499969482422,258.5,249.0500030517578,253.1999969482422,251.1367645263672,209805
2023-02-06 00:00:00+05:30,254.5,260.8999938964844,250.35000610351562,258.45001220703125,256.3440246582031,240722
2023-02-07 00:00:00+05:30,260.5,270.54998779296875,260.5,267.70001220703125,265.5186462402344,374176
2023-02-08 00:00:00+05:30,267.95001220703125,269.0,259.6499938964844,263.04998779296875,260.906494140625,323026
2023-02-09 00:00:00+05:30,268.1499938964844,274.95001220703125,262.20001220703125,265.3999938964844,263.2373352050781,914899
2023-02-10 00:00:00+05:30,265.3999938964844,281.0,262.3500061035156,276.79998779296875,274.5444641113281,786270
2023-02-13 00:00:00+05:30,278.0,280.95001220703125,262.6499938964844,267.8999938964844,265.71697998046875,565375
2023-02-14 00:00:00+05:30,269.25,271.70001220703125,265.0,266.95001220703125,264.7747497558594,196260
2023-02-15 00:00:00+05:30,266.95001220703125,269.54998779296875,262.70001220703125,263.8500061035156,261.70001220703125,197852
2023-02-16 00:00:00+05:30,262.54998779296875,268.25,262.54998779296875,263.79998779296875,261.650390625,197890
2023-02-17 00:00:00+05:30,263.79998779296875,266.79998779296875,260.1000061035156,260.95001220703125,258.8236083984375,304498
2023-02-20 00:00:00+05:30,261.95001220703125,263.54998779296875,257.0,258.25,256.1456298828125,167898
2023-02-21 00:00:00+05:30,258.29998779296875,266.8999938964844,256.79998779296875,265.3999938964844,263.2373352050781,313877
2023-02-22 00:00:00+05:30,264.75,267.0,261.45001220703125,264.8999938964844,262.7414245605469,186439
2023-02-23 00:00:00+05:30,263.75,283.95001220703125,261.8500061035156,278.75,276.4786071777344,771556
2023-02-24 00:00:00+05:30,280.0,287.29998779296875,274.0,277.04998779296875,274.7924499511719,1020161
2023-02-27 00:00:00+05:30,277.1000061035156,282.79998779296875,265.25,267.3999938964844,265.2210388183594,422566
2023-02-28 00:00:00+05:30,267.3999938964844,269.0,263.04998779296875,265.3999938964844,263.2373352050781,170172
2023-03-01 00:00:00+05:30,266.8500061035156,278.95001220703125,263.79998779296875,275.3999938964844,273.1558532714844,508172
2023-03-02 00:00:00+05:30,272.6000061035156,277.8500061035156,265.5,266.45001220703125,264.2787780761719,151215
2023-03-03 00:00:00+05:30,270.45001220703125,272.45001220703125,267.20001220703125,269.6000061035156,267.40313720703125,141522
2023-03-06 00:00:00+05:30,271.0,282.5,271.0,279.45001220703125,277.1728515625,658753
2023-03-08 00:00:00+05:30,276.1000061035156,287.3999938964844,274.3999938964844,283.6499938964844,281.338623046875,661387
2023-03-09 00:00:00+05:30,284.0,288.0,281.0,282.8999938964844,280.5947265625,318220
2023-03-10 00:00:00+05:30,276.3500061035156,280.6000061035156,274.5,277.8999938964844,275.635498046875,183178
2023-03-13 00:00:00+05:30,271.1000061035156,280.45001220703125,263.04998779296875,264.6000061035156,262.4438781738281,760003
2023-03-14 00:00:00+05:30,265.8999938964844,267.79998779296875,258.70001220703125,259.8500061035156,257.73260498046875,326325
2023-03-15 00:00:00+05:30,266.0,266.0,257.6000061035156,260.6499938964844,258.5260314941406,279287
2023-03-16 00:00:00+05:30,261.79998779296875,261.79998779296875,257.04998779296875,258.25,256.1456298828125,167630
2023-03-17 00:00:00+05:30,260.1000061035156,262.8500061035156,257.0,258.6000061035156,256.4927978515625,168579
2023-03-20 00:00:00+05:30,258.8999938964844,262.75,250.60000610351562,260.75,258.6252136230469,396123
2023-03-21 00:00:00+05:30,262.1000061035156,267.1000061035156,258.04998779296875,264.8999938964844,262.7414245605469,300321
2023-03-22 00:00:00+05:30,266.25,266.5,263.25,265.0,262.84063720703125,276961
2023-03-23 00:00:00+05:30,265.3500061035156,268.70001220703125,262.75,267.1000061035156,264.9234924316406,449196
2023-03-24 00:00:00+05:30,267.1000061035156,267.1000061035156,259.0,260.29998779296875,258.17889404296875,373447
2023-03-27 00:00:00+05:30,261.0,261.29998779296875,252.3000030517578,256.1499938964844,254.06272888183594,396876
2023-03-28 00:00:00+05:30,257.45001220703125,262.3500061035156,256.75,257.29998779296875,255.20333862304688,316323
2023-03-29 00:00:00+05:30,257.45001220703125,261.3999938964844,254.35000610351562,260.25,258.12933349609375,450520
2023-03-31 00:00:00+05:30,260.0,267.54998779296875,260.0,262.54998779296875,260.4105529785156,190328
2023-04-03 00:00:00+05:30,262.5,272.3999938964844,260.8500061035156,270.3500061035156,268.1470031738281,363440
2023-04-05 00:00:00+05:30,270.1000061035156,277.1000061035156,269.20001220703125,275.20001220703125,272.95751953125,193445
2023-04-06 00:00:00+05:30,275.0,286.70001220703125,272.04998779296875,282.20001220703125,279.9004821777344,672146
2023-04-10 00:00:00+05:30,284.0,289.8999938964844,275.8999938964844,280.70001220703125,278.4126892089844,482557
2023-04-11 00:00:00+05:30,280.8999938964844,292.0,280.70001220703125,285.6499938964844,283.3223571777344,731560
2023-04-12 00:00:00+05:30,286.0,294.0,283.20001220703125,292.5,290.11651611328125,545371
2023-04-13 00:00:00+05:30,290.1000061035156,296.0,289.54998779296875,294.75,292.34820556640625,434507
2023-04-17 00:00:00+05:30,291.75,297.6499938964844,289.0,292.54998779296875,290.1661071777344,369863
2023-04-18 00:00:00+05:30,289.0,297.6499938964844,289.0,294.29998779296875,291.90185546875,292271
2023-04-19 00:00:00+05:30,295.0,296.75,290.0,291.29998779296875,288.9263000488281,270971
2023-04-20 00:00:00+05:30,291.0,295.95001220703125,290.0,291.25,288.876708984375,308200
2023-04-21 00:00:00+05:30,290.95001220703125,295.45001220703125,289.0,292.6000061035156,290.2157287597656,156178
2023-04-24 00:00:00+05:30,294.0,297.70001220703125,290.54998779296875,295.0,292.5961608886719,274462
2023-04-25 00:00:00+05:30,295.95001220703125,300.45001220703125,294.0,296.75,294.3319091796875,389767
2023-04-26 00:00:00+05:30,293.0,300.6000061035156,293.0,298.29998779296875,295.8692626953125,256818
2023-04-27 00:00:00+05:30,301.5,304.0,292.1000061035156,295.3999938964844,292.9928894042969,262538
2023-04-28 00:00:00+05:30,296.0,300.6499938964844,294.45001220703125,295.1499938964844,292.74493408203125,173537
2023-05-02 00:00:00+05:30,295.3500061035156,302.5,295.0,298.75,296.31561279296875,296614
2023-05-03 00:00:00+05:30,298.3500061035156,300.70001220703125,292.04998779296875,294.3500061035156,291.9514465332031,171315
2023-05-04 00:00:00+05:30,299.8500061035156,306.70001220703125,295.8999938964844,301.25,298.79522705078125,405682
2023-05-05 00:00:00+05:30,301.0,307.70001220703125,295.6499938964844,296.70001220703125,294.2823181152344,262175
2023-05-08 00:00:00+05:30,296.95001220703125,300.1499938964844,292.0,293.3500061035156,290.9596252441406,475506
2023-05-09 00:00:00+05:30,293.5,296.1499938964844,285.1000061035156,288.25,285.9011535644531,369313
2023-05-10 00:00:00+05:30,288.8500061035156,291.70001220703125,286.5,289.25,286.89300537109375,154911
2023-05-11 00:00:00+05:30,292.0,302.5,290.0,300.3999938964844,297.9521484375,563154
2023-05-12 00:00:00+05:30,301.8500061035156,316.0,301.5,312.8999938964844,310.3503112792969,1693090
2023-05-15 00:00:00+05:30,310.5,317.70001220703125,308.8999938964844,314.5,311.937255859375,731184
2023-05-16 00:00:00+05:30,315.8500061035156,317.70001220703125,305.1499938964844,306.3999938964844,303.90325927734375,333199
2023-05-17 00:00:00+05:30,309.0,324.8999938964844,308.1000061035156,321.29998779296875,318.6818542480469,2697705
2023-05-18 00:00:00+05:30,326.0,329.70001220703125,316.5,318.95001220703125,316.35101318359375,1101383
2023-05-19 00:00:00+05:30,330.0,335.3999938964844,313.3999938964844,328.5,325.82318115234375,4643344
2023-05-22 00:00:00+05:30,328.0,368.0,323.79998779296875,354.5,351.611328125,5364881
2023-05-23 00:00:00+05:30,363.0,378.0,353.8500061035156,360.1499938964844,357.21527099609375,3056243
2023-05-24 00:00:00+05:30,362.70001220703125,375.0,356.20001220703125,360.5,357.5624084472656,2327717
2023-05-25 00:00:00+05:30,362.29998779296875,370.0,352.45001220703125,364.95001220703125,361.9761657714844,1212904
2023-05-26 00:00:00+05:30,366.0,368.8999938964844,361.70001220703125,366.1000061035156,363.1167907714844,766586
2023-05-29 00:00:00+05:30,366.95001220703125,369.70001220703125,358.25,363.8999938964844,360.9346923828125,643146
2023-05-30 00:00:00+05:30,364.8999938964844,397.79998779296875,361.1499938964844,393.8999938964844,390.69024658203125,3720141
2023-05-31 00:00:00+05:30,394.95001220703125,399.0,380.54998779296875,392.6499938964844,389.450439453125,1794586
2023-06-01 00:00:00+05:30,394.6499938964844,397.20001220703125,381.20001220703125,384.6000061035156,381.4660339355469,804780
2023-06-02 00:00:00+05:30,387.29998779296875,391.8999938964844,382.0,386.04998779296875,382.9042053222656,582412
2023-06-05 00:00:00+05:30,388.0,396.1000061035156,383.54998779296875,386.8500061035156,383.6977233886719,751548
2023-06-06 00:00:00+05:30,388.0,391.0,381.6499938964844,387.20001220703125,384.0448913574219,465140
2023-06-07 00:00:00+05:30,389.1499938964844,395.0,388.0,389.3999938964844,386.2269287109375,518770
2023-06-08 00:00:00+05:30,390.0,391.0,381.6000061035156,383.75,380.62298583984375,409313
2023-06-09 00:00:00+05:30,384.75,412.6000061035156,383.25,402.29998779296875,399.02178955078125,2336574
2023-06-12 00:00:00+05:30,404.20001220703125,407.5,398.0,402.70001220703125,399.4185485839844,663676
2023-06-13 00:00:00+05:30,403.0,414.5,400.0,410.8500061035156,407.50213623046875,918635
2023-06-14 00:00:00+05:30,412.20001220703125,428.79998779296875,406.95001220703125,425.70001220703125,422.2311706542969,1302753
2023-06-15 00:00:00+05:30,425.0,461.0,424.0,450.6000061035156,446.92822265625,2879467
2023-06-16 00:00:00+05:30,452.6499938964844,452.8999938964844,439.5,443.0,439.39013671875,1344702
2023-06-19 00:00:00+05:30,444.04998779296875,451.79998779296875,437.54998779296875,440.6000061035156,437.0097351074219,1247953
2023-06-20 00:00:00+05:30,443.45001220703125,458.0,435.0,452.54998779296875,448.8623352050781,731440
2023-06-21 00:00:00+05:30,453.0,454.8500061035156,441.6000061035156,443.1499938964844,439.5389404296875,1120291
2023-06-22 00:00:00+05:30,444.95001220703125,456.0,443.79998779296875,446.1000061035156,442.4649353027344,995084
2023-06-23 00:00:00+05:30,448.0,448.04998779296875,429.04998779296875,432.45001220703125,428.9261474609375,515690
2023-06-26 00:00:00+05:30,431.0,438.0,428.54998779296875,433.5,429.9675598144531,395439
2023-06-27 00:00:00+05:30,437.79998779296875,463.3999938964844,436.5,460.8500061035156,457.0947265625,1348067
2023-06-28 00:00:00+05:30,462.1000061035156,472.79998779296875,441.1000061035156,443.1499938964844,439.5389404296875,3946849
2023-06-30 00:00:00+05:30,446.0,450.25,437.20001220703125,447.8999938964844,444.250244140625,1187149
2023-07-03 00:00:00+05:30,450.3999938964844,451.8999938964844,443.8999938964844,445.1499938964844,441.52264404296875,563696
2023-07-04 00:00:00+05:30,446.75,450.45001220703125,442.5,444.6000061035156,440.9771423339844,426955
2023-07-05 00:00:00+05:30,443.04998779296875,451.8999938964844,442.04998779296875,444.3999938964844,440.7787780761719,401551
2023-07-06 00:00:00+05:30,444.70001220703125,448.0,443.0,446.6499938964844,443.0104064941406,342570
2023-07-07 00:00:00+05:30,447.5,448.3999938964844,438.0,444.54998779296875,440.9275207519531,582060
2023-07-10 00:00:00+05:30,446.29998779296875,449.0,439.04998779296875,442.95001220703125,439.340576171875,358679
2023-07-11 00:00:00+05:30,444.95001220703125,457.70001220703125,441.8500061035156,449.54998779296875,445.88677978515625,925391
2023-07-12 00:00:00+05:30,451.95001220703125,498.0,449.04998779296875,483.79998779296875,479.857666015625,4059883
2023-07-13 00:00:00+05:30,487.0,511.8500061035156,477.0,482.75,478.8162536621094,2109644
2023-07-14 00:00:00+05:30,484.6499938964844,489.70001220703125,478.04998779296875,483.6000061035156,479.6593017578125,599368
2023-07-17 00:00:00+05:30,485.95001220703125,494.0,482.6499938964844,489.95001220703125,485.95758056640625,569662
2023-07-18 00:00:00+05:30,491.79998779296875,491.8999938964844,469.3500061035156,475.1499938964844,471.2781677246094,501779
2023-07-19 00:00:00+05:30,477.70001220703125,480.6000061035156,472.95001220703125,475.79998779296875,471.92291259765625,760997
2023-07-20 00:00:00+05:30,478.8500061035156,482.95001220703125,470.6000061035156,473.5,469.6416320800781,396658
2023-07-21 00:00:00+05:30,473.0,480.20001220703125,465.1000061035156,469.95001220703125,466.1205749511719,359424
2023-07-24 00:00:00+05:30,475.0,477.29998779296875,468.29998779296875,473.70001220703125,469.84002685546875,340332
2023-07-25 00:00:00+05:30,473.0,477.95001220703125,470.0,472.70001220703125,468.84814453125,268185
2023-07-26 00:00:00+05:30,474.0,480.0,468.0,470.25,466.4181213378906,494947
2023-07-27 00:00:00+05:30,472.29998779296875,483.70001220703125,470.29998779296875,472.3999938964844,468.55059814453125,553775
2023-07-28 00:00:00+05:30,473.20001220703125,477.8999938964844,466.04998779296875,469.25,465.42626953125,321681
2023-07-31 00:00:00+05:30,471.8999938964844,506.5,471.8999938964844,499.20001220703125,495.1322326660156,1740931
2023-08-01 00:00:00+05:30,506.70001220703125,517.0,484.0,499.0,494.933837890625,1655704
2023-08-02 00:00:00+05:30,484.0,503.0,466.70001220703125,480.45001220703125,476.5350036621094,2522689
2023-08-03 00:00:00+05:30,481.70001220703125,492.0,476.1000061035156,489.29998779296875,485.3128356933594,764980
2023-08-04 00:00:00+05:30,489.3500061035156,498.8999938964844,474.0,477.1499938964844,473.2618713378906,813903
2023-08-07 00:00:00+05:30,480.5,490.0,470.04998779296875,474.6000061035156,470.732666015625,346507
2023-08-08 00:00:00+05:30,476.04998779296875,484.45001220703125,472.04998779296875,475.75,471.873291015625,343023
2023-08-09 00:00:00+05:30,478.8999938964844,481.70001220703125,471.0,472.79998779296875,468.9472961425781,269841
2023-08-10 00:00:00+05:30,474.0,482.25,473.5,474.95001220703125,471.079833984375,307381
2023-08-11 00:00:00+05:30,480.6499938964844,482.0,471.3999938964844,473.1499938964844,469.29449462890625,394655
2023-08-14 00:00:00+05:30,475.6499938964844,475.6499938964844,456.1499938964844,465.6000061035156,461.8059997558594,444487
2023-08-16 00:00:00+05:30,465.0,467.8500061035156,448.0,449.20001220703125,445.5396423339844,924903
2023-08-17 00:00:00+05:30,451.70001220703125,474.0,450.0,461.6499938964844,457.88818359375,592340
2023-08-18 00:00:00+05:30,464.45001220703125,473.0,458.29998779296875,470.1499938964844,466.3189392089844,623903
2023-08-21 00:00:00+05:30,473.95001220703125,475.1000061035156,463.0,467.54998779296875,463.7401123046875,378782
2023-08-22 00:00:00+05:30,470.0,482.79998779296875,468.45001220703125,476.70001220703125,472.8155517578125,613182
2023-08-23 00:00:00+05:30,479.95001220703125,486.0,471.04998779296875,477.45001220703125,473.5594482421875,512403
2023-08-24 00:00:00+05:30,480.0,497.29998779296875,479.0,494.04998779296875,490.024169921875,909610
2023-08-25 00:00:00+05:30,496.04998779296875,540.0,494.1000061035156,537.75,533.3681030273438,3905596
2023-08-28 00:00:00+05:30,542.1500244140625,579.2999877929688,542.1500244140625,567.5499877929688,562.9252319335938,2970248
2023-08-29 00:00:00+05:30,573.2999877929688,573.5,547.1500244140625,553.7999877929688,549.2872924804688,916184
2023-08-30 00:00:00+05:30,555.0,558.0499877929688,540.0,543.0,538.5753173828125,675672
2023-08-31 00:00:00+05:30,544.0,546.3499755859375,531.7000122070312,539.9500122070312,535.5501708984375,981838
2023-09-01 00:00:00+05:30,542.6500244140625,548.5499877929688,533.0,535.5,532.6160888671875,774306
2023-09-04 00:00:00+05:30,542.9000244140625,556.0,536.0,545.25,542.3135375976562,685030
2023-09-05 00:00:00+05:30,547.9500122070312,548.0999755859375,533.2000122070312,537.5,534.6052856445312,544695
2023-09-06 00:00:00+05:30,542.2000122070312,588.0,540.0,558.0,554.9949340820312,3028308
2023-09-07 00:00:00+05:30,561.0999755859375,569.7999877929688,554.0,556.0999755859375,553.1051025390625,672826
2023-09-08 00:00:00+05:30,559.2999877929688,568.0499877929688,557.0499877929688,565.0999755859375,562.056640625,374874
2023-09-11 00:00:00+05:30,567.5,578.9000244140625,560.0,568.8499755859375,565.7864379882812,452337
2023-09-12 00:00:00+05:30,572.0,576.4500122070312,519.0,528.0999755859375,525.2559204101562,847404
2023-09-13 00:00:00+05:30,530.9500122070312,540.0,505.0,519.75,516.9508666992188,773466
2023-09-14 00:00:00+05:30,523.4500122070312,553.2999877929688,523.4500122070312,532.2999877929688,529.4332275390625,570670
2023-09-15 00:00:00+05:30,534.9500122070312,547.0,534.9000244140625,545.3499755859375,542.4129638671875,409524
2023-09-18 00:00:00+05:30,545.0,545.0499877929688,531.0,535.2000122070312,532.3176879882812,286463
2023-09-20 00:00:00+05:30,535.0,539.7000122070312,516.2000122070312,520.1500244140625,517.3487548828125,363933
2023-09-21 00:00:00+05:30,548.0,567.0,533.6500244140625,538.7999877929688,535.8982543945312,2190009
2023-09-22 00:00:00+05:30,540.0,543.0999755859375,528.0,533.6500244140625,530.7760620117188,421449
2023-09-25 00:00:00+05:30,536.4500122070312,549.0,535.0499877929688,543.0499877929688,540.1253662109375,340936
2023-09-26 00:00:00+05:30,541.0999755859375,555.4000244140625,541.0999755859375,551.3499755859375,548.3806762695312,261613
2023-09-27 00:00:00+05:30,551.3499755859375,585.0,551.3499755859375,558.5499877929688,555.5419311523438,1029774
2023-09-28 00:00:00+05:30,561.5999755859375,605.0,558.2999877929688,597.3499755859375,594.1329345703125,3037699
2023-09-29 00:00:00+05:30,600.0,623.8499755859375,585.9000244140625,611.6500244140625,608.35595703125,1747403
2023-10-03 00:00:00+05:30,610.0,628.0,603.0999755859375,617.3499755859375,614.0252075195312,1199100
2023-10-04 00:00:00+05:30,618.0499877929688,618.0499877929688,593.4500122070312,598.4500122070312,595.22705078125,717009
2023-10-05 00:00:00+05:30,603.4000244140625,645.0,600.75,638.3499755859375,634.912109375,3378752
2023-10-06 00:00:00+05:30,642.1500244140625,647.0,629.9500122070312,638.1500244140625,634.7132568359375,749751
2023-10-09 00:00:00+05:30,625.0,644.4000244140625,606.2999877929688,622.1500244140625,618.7994384765625,1257559
2023-10-10 00:00:00+05:30,626.3499755859375,637.4500122070312,620.0999755859375,629.4500122070312,626.0601196289062,625249
2023-10-11 00:00:00+05:30,633.25,644.7999877929688,625.0999755859375,627.9500122070312,624.5681762695312,920755
2023-10-12 00:00:00+05:30,629.0,658.7999877929688,626.9000244140625,647.5,644.0128784179688,1761878
2023-10-13 00:00:00+05:30,648.5999755859375,649.0,634.0,639.0999755859375,635.6580810546875,652435
2023-10-16 00:00:00+05:30,642.25,654.5499877929688,629.0499877929688,632.1500244140625,628.7455444335938,1102946
2023-10-17 00:00:00+05:30,637.9000244140625,654.25,637.8499755859375,640.3499755859375,636.9013671875,487009
2023-10-18 00:00:00+05:30,643.9500122070312,648.0,631.8499755859375,644.5,641.029052734375,512452
2023-10-19 00:00:00+05:30,644.0,664.7999877929688,638.2000122070312,650.7999877929688,647.2950439453125,1087097
2023-10-20 00:00:00+05:30,651.7999877929688,661.2999877929688,647.25,656.5999755859375,653.0638427734375,614724
2023-10-23 00:00:00+05:30,656.9500122070312,661.8499755859375,604.0,612.7000122070312,609.4003295898438,1222844
2023-10-25 00:00:00+05:30,624.6500244140625,624.6500244140625,576.1500244140625,593.2000122070312,590.0053100585938,1582620
2023-10-26 00:00:00+05:30,593.0,593.0,562.2000122070312,578.75,575.6331176757812,1232882
2023-10-27 00:00:00+05:30,591.0,605.0,583.6500244140625,600.4500122070312,597.2162475585938,611753
2023-10-30 00:00:00+05:30,603.7999877929688,614.9000244140625,590.1500244140625,608.1500244140625,604.8748168945312,476756
2023-10-31 00:00:00+05:30,611.9500122070312,637.5,611.5,618.3499755859375,615.0198364257812,917296
2023-11-01 00:00:00+05:30,621.0,628.75,591.0499877929688,597.6500244140625,594.4313354492188,667807
2023-11-02 00:00:00+05:30,558.0,577.9500122070312,520.1500244140625,524.5,521.67529296875,4075786
2023-11-03 00:00:00+05:30,528.0,532.0,484.95001220703125,510.0,507.2533874511719,5697090
2023-11-06 00:00:00+05:30,515.0,530.0,492.79998779296875,526.8499755859375,524.0125732421875,2612108
2023-11-07 00:00:00+05:30,530.0,532.9500122070312,521.5,526.5,523.6644897460938,872130
2023-11-08 00:00:00+05:30,526.9500122070312,529.25,516.5,523.1500244140625,520.3325805664062,582749
2023-11-09 00:00:00+05:30,523.0999755859375,536.6500244140625,518.25,531.3499755859375,528.4883422851562,740074
2023-11-10 00:00:00+05:30,531.0,534.9500122070312,526.2000122070312,531.6500244140625,528.7868041992188,348650
2023-11-13 00:00:00+05:30,540.0,540.0,532.2000122070312,534.2000122070312,531.3230590820312,217101
2023-11-15 00:00:00+05:30,538.9500122070312,541.6500244140625,521.0999755859375,523.6500244140625,520.8298950195312,534767
2023-11-16 00:00:00+05:30,526.1500244140625,534.0,522.7999877929688,530.75,527.8916015625,491310
2023-11-17 00:00:00+05:30,531.7000122070312,539.5499877929688,524.1500244140625,535.5999755859375,532.7155151367188,439601
2023-11-20 00:00:00+05:30,547.5999755859375,555.0,536.0,538.1500244140625,535.2517700195312,1431539
2023-11-21 00:00:00+05:30,541.3499755859375,550.0,538.4000244140625,545.5999755859375,542.66162109375,562815
2023-11-22 00:00:00+05:30,545.25,548.9000244140625,538.4500122070312,545.5499877929688,542.6118774414062,242158
2023-11-23 00:00:00+05:30,546.4000244140625,557.9000244140625,540.9000244140625,550.7000122070312,547.7341918945312,788542
2023-11-24 00:00:00+05:30,550.9500122070312,561.6500244140625,550.9500122070312,559.8499755859375,556.8348999023438,746673
2023-11-28 00:00:00+05:30,570.0,579.0,554.7000122070312,558.5499877929688,555.5419311523438,888049
2023-11-29 00:00:00+05:30,563.9500122070312,565.7000122070312,540.5499877929688,548.7000122070312,545.7449951171875,1032050
2023-11-30 00:00:00+05:30,549.7000122070312,575.0,543.0,565.5999755859375,562.5538940429688,963072
2023-12-01 00:00:00+05:30,572.9500122070312,577.8499755859375,561.25,567.6500244140625,564.5928955078125,647005
2023-12-04 00:00:00+05:30,579.7999877929688,579.7999877929688,568.3499755859375,574.0999755859375,571.0081176757812,538847
2023-12-05 00:00:00+05:30,566.0499877929688,575.0,560.5499877929688,568.2999877929688,565.2394409179688,700578
2023-12-06 00:00:00+05:30,570.0,593.0,562.2000122070312,590.2999877929688,587.1209106445312,789238
2023-12-07 00:00:00+05:30,593.0999755859375,611.7000122070312,592.9500122070312,607.9500122070312,604.6758422851562,1032327
2023-12-08 00:00:00+05:30,622.0,626.2999877929688,611.0999755859375,619.8499755859375,616.51171875,1165269
2023-12-11 00:00:00+05:30,620.9000244140625,644.9500122070312,608.0999755859375,630.7999877929688,627.40283203125,920663
2023-12-12 00:00:00+05:30,636.0,642.9000244140625,620.4000244140625,640.4000244140625,636.9511108398438,802370
2023-12-13 00:00:00+05:30,640.4000244140625,660.2000122070312,633.2999877929688,650.2000122070312,646.6983032226562,928768
2023-12-14 00:00:00+05:30,653.4500122070312,669.0,650.0,660.7000122070312,657.141845703125,873812
2023-12-15 00:00:00+05:30,665.9500122070312,679.9500122070312,661.4500122070312,669.9500122070312,666.3419799804688,928300
2023-12-18 00:00:00+05:30,667.8499755859375,678.5,657.5999755859375,670.4500122070312,666.8392333984375,1167247
2023-12-19 00:00:00+05:30,674.5999755859375,705.2000122070312,672.5,676.7999877929688,673.155029296875,1503774
2023-12-20 00:00:00+05:30,685.5999755859375,702.0,669.4000244140625,672.6500244140625,669.0274658203125,1356638
2023-12-21 00:00:00+05:30,669.6500244140625,685.0,646.0,673.9000244140625,670.2706909179688,1220227
2023-12-22 00:00:00+05:30,679.5,682.0,666.5999755859375,670.7999877929688,667.1873779296875,540490
2023-12-26 00:00:00+05:30,674.9000244140625,674.9500122070312,660.4500122070312,664.4000244140625,660.8218994140625,566556
2023-12-27 00:00:00+05:30,669.4000244140625,670.0,652.0999755859375,657.2000122070312,653.66064453125,1042932
2023-12-28 00:00:00+05:30,657.9500122070312,664.9000244140625,652.0999755859375,660.4500122070312,656.8931274414062,481083
2023-12-29 00:00:00+05:30,663.4000244140625,677.0,660.5,671.0,667.3863525390625,438952
2024-01-01 00:00:00+05:30,665.4500122070312,672.7999877929688,658.0,659.5499877929688,655.9979248046875,366596
2024-01-02 00:00:00+05:30,662.9500122070312,666.4500122070312,651.0499877929688,658.0499877929688,654.5060424804688,282971
2024-01-03 00:00:00+05:30,662.4000244140625,670.75,656.0,664.0499877929688,660.4736938476562,529219
2024-01-04 00:00:00+05:30,664.9500122070312,669.8499755859375,634.0,639.0499877929688,635.6083374023438,726868
2024-01-05 00:00:00+05:30,641.9000244140625,646.8499755859375,623.3499755859375,631.2000122070312,627.8007202148438,490668
2024-01-08 00:00:00+05:30,635.0,635.0,605.3499755859375,609.0499877929688,605.7698974609375,449181
2024-01-09 00:00:00+05:30,614.0,625.4000244140625,606.0999755859375,610.25,606.9635009765625,451037
2024-01-10 00:00:00+05:30,613.5,613.5,604.1500244140625,610.4000244140625,607.1126708984375,459855
2024-01-11 00:00:00+05:30,613.9500122070312,622.3499755859375,608.4500122070312,617.5499877929688,614.2241821289062,636327
2024-01-12 00:00:00+05:30,614.0499877929688,622.0499877929688,611.5999755859375,613.9500122070312,610.6435546875,398565
2024-01-15 00:00:00+05:30,613.9500122070312,613.9500122070312,613.9500122070312,613.9500122070312,610.6435546875,0
2024-01-16 00:00:00+05:30,604.8499755859375,629.5,601.0,619.5,616.1636962890625,986615
2024-01-17 00:00:00+05:30,613.0,628.2999877929688,602.9000244140625,605.0499877929688,601.7914428710938,524636
2024-01-18 00:00:00+05:30,606.0,621.7000122070312,594.5999755859375,601.5,598.2606201171875,767498
2024-01-19 00:00:00+05:30,606.0,615.9000244140625,606.0,610.9500122070312,607.6597290039062,274858
2024-01-23 00:00:00+05:30,608.25,614.5,588.5,594.1500244140625,590.9501953125,259450
2024-01-24 00:00:00+05:30,592.5499877929688,622.9500122070312,590.3499755859375,595.2999877929688,592.0939331054688,502478
2024-01-25 00:00:00+05:30,609.0,617.5,598.0,600.5,597.2659912109375,396566
2024-01-29 00:00:00+05:30,604.9000244140625,610.0,599.0,601.0,597.7633056640625,172048
2024-01-30 00:00:00+05:30,599.0,606.9500122070312,594.5,597.2000122070312,593.9837646484375,249713
2024-01-31 00:00:00+05:30,602.9500122070312,602.9500122070312,595.0,598.7000122070312,595.4756469726562,323438
2024-02-01 00:00:00+05:30,601.6500244140625,601.6500244140625,581.2000122070312,584.6500244140625,581.5014038085938,209316
2024-02-02 00:00:00+05:30,591.9000244140625,601.9500122070312,579.25,581.4000244140625,578.2688598632812,596919
2024-02-05 00:00:00+05:30,587.6500244140625,587.6500244140625,560.5499877929688,565.3499755859375,562.3052978515625,388853
2024-02-06 00:00:00+05:30,570.2999877929688,576.0,541.0,570.4500122070312,567.3778686523438,978298
2024-02-07 00:00:00+05:30,505.04998779296875,534.0,491.3500061035156,524.3499755859375,521.5260620117188,4629172
2024-02-08 00:00:00+05:30,526.0,538.5,514.0499877929688,518.6500244140625,515.8568115234375,814206
2024-02-09 00:00:00+05:30,518.6500244140625,524.6500244140625,510.5,512.5,509.73992919921875,468545
2024-02-12 00:00:00+05:30,512.5,518.5999755859375,492.0,500.29998779296875,497.6055908203125,314629
2024-02-13 00:00:00+05:30,500.0,513.9500122070312,491.0,509.8999938964844,507.1539001464844,460853
2024-02-14 00:00:00+05:30,503.3500061035156,516.75,501.1000061035156,503.45001220703125,500.7386779785156,545197
2024-02-15 00:00:00+05:30,507.8999938964844,517.5499877929688,500.0,502.3999938964844,499.6943054199219,503403
2024-02-16 00:00:00+05:30,507.8999938964844,515.0,503.3999938964844,508.25,505.5128173828125,379229
2024-02-19 00:00:00+05:30,517.4500122070312,530.0,511.79998779296875,516.2000122070312,513.4199829101562,738909
2024-02-20 00:00:00+05:30,516.2000122070312,524.7000122070312,509.3999938964844,511.29998779296875,508.5463562011719,379198
2024-02-21 00:00:00+05:30,514.9500122070312,524.7000122070312,512.0,517.2999877929688,514.5140991210938,859916
2024-02-22 00:00:00+05:30,517.2999877929688,524.0,506.29998779296875,510.29998779296875,507.5517578125,384353
2024-02-23 00:00:00+05:30,510.29998779296875,528.3499755859375,510.29998779296875,525.2000122070312,522.3715209960938,578940
2024-02-26 00:00:00+05:30,525.9000244140625,540.0,518.0,522.6500244140625,519.8353271484375,835423
2024-02-27 00:00:00+05:30,523.3499755859375,534.0,523.3499755859375,525.2000122070312,522.3715209960938,392163
2024-02-28 00:00:00+05:30,526.75,529.2999877929688,508.0,511.25,508.49664306640625,840857
2024-02-29 00:00:00+05:30,507.0,537.8499755859375,494.1000061035156,524.3499755859375,521.5260620117188,1099642
2024-03-01 00:00:00+05:30,536.0,542.6500244140625,531.6500244140625,536.1500244140625,533.2625732421875,417262
2024-03-04 00:00:00+05:30,547.2000122070312,548.5999755859375,533.0,535.75,532.8646850585938,250824
2024-03-05 00:00:00+05:30,538.9500122070312,538.9500122070312,523.0999755859375,529.4500122070312,526.5986328125,258157
2024-03-06 00:00:00+05:30,524.0,531.6500244140625,515.0,519.7999877929688,517.0006103515625,426928
2024-03-07 00:00:00+05:30,569.9500122070312,569.9500122070312,522.5,525.5499877929688,522.7196655273438,2914296
2024-03-11 00:00:00+05:30,528.2000122070312,528.25,504.0,508.70001220703125,505.96038818359375,622856
2024-03-12 00:00:00+05:30,515.0,515.0,491.0,494.5,491.8368835449219,678153
2024-03-13 00:00:00+05:30,498.70001220703125,500.45001220703125,450.0,456.54998779296875,454.0912170410156,997936
2024-03-14 00:00:00+05:30,456.0,492.0,450.0,485.3500061035156,482.7361145019531,1121478
2024-03-15 00:00:00+05:30,484.95001220703125,514.9500122070312,474.0,507.0,504.2695617675781,3228235
2024-03-18 00:00:00+05:30,507.0,509.04998779296875,494.0,496.0,493.32879638671875,297496
2024-03-19 00:00:00+05:30,497.0,502.20001220703125,472.20001220703125,474.45001220703125,471.89483642578125,604154
2024-03-20 00:00:00+05:30,490.0,494.0,477.1000061035156,482.25,479.65283203125,888742
2024-03-21 00:00:00+05:30,487.70001220703125,494.0,480.20001220703125,482.8999938964844,480.29931640625,459933
2024-03-22 00:00:00+05:30,482.0,487.6000061035156,479.0,482.0,479.4041748046875,325909
2024-03-26 00:00:00+05:30,482.70001220703125,484.0,468.3500061035156,473.1499938964844,470.6018371582031,443141
2024-03-27 00:00:00+05:30,477.75,477.75,470.1000061035156,473.8500061035156,471.298095703125,520056
2024-03-28 00:00:00+05:30,474.0,477.0,461.29998779296875,465.3999938964844,462.8935546875,494095
2024-04-01 00:00:00+05:30,474.3500061035156,491.0,472.6000061035156,488.3500061035156,485.7200012207031,559787
2024-04-02 00:00:00+05:30,491.95001220703125,503.25,485.95001220703125,491.95001220703125,489.30059814453125,643023
2024-04-03 00:00:00+05:30,489.95001220703125,497.20001220703125,487.0,494.6499938964844,491.98602294921875,273561
2024-04-04 00:00:00+05:30,499.5,502.95001220703125,484.1000061035156,500.20001220703125,497.50616455078125,621431
2024-04-05 00:00:00+05:30,499.8500061035156,501.95001220703125,491.04998779296875,493.1000061035156,490.44439697265625,244453
2024-04-08 00:00:00+05:30,496.70001220703125,500.0,486.04998779296875,487.6000061035156,484.9740295410156,302160
2024-04-09 00:00:00+05:30,489.79998779296875,495.0,472.0,473.70001220703125,471.1488952636719,486515
2024-04-10 00:00:00+05:30,475.0,483.8999938964844,474.54998779296875,479.3500061035156,476.7684631347656,218582
2024-04-12 00:00:00+05:30,476.0,492.1499938964844,475.29998779296875,488.3500061035156,485.7200012207031,289709
2024-04-15 00:00:00+05:30,476.5,484.0,470.79998779296875,478.8999938964844,476.32086181640625,200486
2024-04-16 00:00:00+05:30,474.0,484.0,468.8999938964844,471.8500061035156,469.308837890625,224594
2024-04-18 00:00:00+05:30,477.0,484.95001220703125,472.0,473.1499938964844,470.6018371582031,208615
2024-04-19 00:00:00+05:30,466.1499938964844,473.6499938964844,464.04998779296875,465.8500061035156,463.3411560058594,236723
2024-04-22 00:00:00+05:30,471.04998779296875,477.0,470.45001220703125,474.8999938964844,472.3424072265625,154172
2024-04-23 00:00:00+05:30,478.45001220703125,479.04998779296875,466.1000061035156,467.45001220703125,464.93255615234375,333199
2024-04-24 00:00:00+05:30,469.8999938964844,489.6499938964844,469.8999938964844,477.04998779296875,474.4808349609375,593951
2024-04-25 00:00:00+05:30,479.6499938964844,487.04998779296875,473.04998779296875,474.3999938964844,471.8450927734375,488708
2024-04-26 00:00:00+05:30,474.8500061035156,478.45001220703125,473.45001220703125,475.25,472.6905212402344,206875
2024-04-29 00:00:00+05:30,477.8999938964844,487.0,475.29998779296875,480.45001220703125,477.8625183105469,420114
2024-04-30 00:00:00+05:30,482.0,494.0,482.0,487.79998779296875,485.17291259765625,374592
2024-05-02 00:00:00+05:30,485.0,499.0,485.0,496.79998779296875,494.12445068359375,592461
2024-05-03 00:00:00+05:30,500.8999938964844,506.0,485.20001220703125,487.8999938964844,485.27239990234375,558655
2024-05-06 00:00:00+05:30,492.0,493.0,480.8500061035156,483.5,480.8960876464844,239216
2024-05-07 00:00:00+05:30,485.8999938964844,488.95001220703125,473.0,474.75,472.1932067871094,217537
2024-05-08 00:00:00+05:30,478.5,481.1499938964844,473.0,479.5,476.91766357421875,121095
2024-05-09 00:00:00+05:30,479.0,482.8999938964844,459.79998779296875,463.6000061035156,461.103271484375,315528
2024-05-10 00:00:00+05:30,465.8999938964844,474.6499938964844,461.25,472.95001220703125,470.4029235839844,284067
2024-05-13 00:00:00+05:30,474.0,475.0,386.29998779296875,392.45001220703125,390.3364562988281,4861627
2024-05-14 00:00:00+05:30,395.1000061035156,422.3999938964844,386.1000061035156,398.3999938964844,396.2544250488281,4439493
2024-05-15 00:00:00+05:30,405.79998779296875,410.0,398.1000061035156,399.1499938964844,397.0003662109375,1054809
2024-05-16 00:00:00+05:30,404.45001220703125,405.0,397.1000061035156,398.29998779296875,396.1549377441406,546980
2024-05-17 00:00:00+05:30,399.75,403.0,390.0,395.3999938964844,393.2705383300781,725304
2024-05-21 00:00:00+05:30,411.95001220703125,421.95001220703125,402.6000061035156,417.95001220703125,415.6991271972656,1883387
2024-05-22 00:00:00+05:30,421.25,434.0,414.04998779296875,430.54998779296875,428.2312316894531,1567531
2024-05-23 00:00:00+05:30,433.0,456.3999938964844,432.04998779296875,452.04998779296875,449.615478515625,1744194
2024-05-24 00:00:00+05:30,452.04998779296875,488.3500061035156,450.0,478.70001220703125,476.1219482421875,3251091
2024-05-27 00:00:00+05:30,478.70001220703125,492.8999938964844,466.79998779296875,475.6499938964844,473.08837890625,1150706
2024-05-28 00:00:00+05:30,476.54998779296875,478.20001220703125,465.04998779296875,467.1000061035156,464.58441162109375,580568
2024-05-29 00:00:00+05:30,463.0,478.0,462.6000061035156,475.8999938964844,473.3370361328125,453682
2024-05-30 00:00:00+05:30,475.75,481.95001220703125,470.1499938964844,475.0,472.4418640136719,377038
2024-05-31 00:00:00+05:30,476.0,482.8999938964844,474.3500061035156,480.04998779296875,477.46466064453125,1122000
2024-06-03 00:00:00+05:30,495.0,504.0,485.0,495.6000061035156,492.9309387207031,1761934
2024-06-04 00:00:00+05:30,499.0,499.0,411.54998779296875,446.29998779296875,443.89642333984375,1697547
2024-06-05 00:00:00+05:30,453.0,455.8999938964844,412.5,438.1499938964844,435.7903137207031,1710966
2024-06-06 00:00:00+05:30,448.8999938964844,460.0,444.75,452.5,450.06304931640625,755122
2024-06-07 00:00:00+05:30,452.5,478.95001220703125,452.5,464.75,462.2471008300781,883797
2024-06-10 00:00:00+05:30,470.6499938964844,473.8500061035156,459.5,460.8999938964844,458.4178161621094,325985
2024-06-11 00:00:00+05:30,461.20001220703125,476.0,461.20001220703125,471.1000061035156,468.5628662109375,600075
2024-06-12 00:00:00+05:30,471.25,480.54998779296875,468.0,470.8999938964844,468.36395263671875,706999
2024-06-13 00:00:00+05:30,471.0,476.6499938964844,465.5,466.45001220703125,463.93792724609375,438886
2024-06-14 00:00:00+05:30,468.8500061035156,480.0,461.75,465.79998779296875,463.2914123535156,413856
2024-06-18 00:00:00+05:30,469.29998779296875,487.5,469.25,471.04998779296875,468.51312255859375,1629962
2024-06-19 00:00:00+05:30,475.8999938964844,482.5,470.20001220703125,475.70001220703125,473.13812255859375,429540
2024-06-20 00:00:00+05:30,476.0,485.95001220703125,471.75,479.8999938964844,477.3154602050781,538536
2024-06-21 00:00:00+05:30,482.45001220703125,528.8499755859375,482.45001220703125,501.1499938964844,498.4510498046875,6759329
2024-06-24 00:00:00+05:30,503.1000061035156,512.2999877929688,496.5,499.79998779296875,497.1083068847656,1397449
2024-06-25 00:00:00+05:30,499.95001220703125,521.8499755859375,490.0,491.29998779296875,488.6540832519531,3166996
2024-06-26 00:00:00+05:30,492.0,504.3999938964844,488.75,502.0,499.29644775390625,608842
2024-06-27 00:00:00+05:30,503.1000061035156,516.5499877929688,497.8500061035156,505.3500061035156,502.6284484863281,858800
2024-06-28 00:00:00+05:30,507.25,509.8999938964844,495.20001220703125,497.0,494.3233947753906,533857
2024-07-01 00:00:00+05:30,497.0,499.70001220703125,487.29998779296875,491.20001220703125,488.55462646484375,415652
2024-07-02 00:00:00+05:30,494.8999938964844,499.3999938964844,484.0,485.8999938964844,483.2831726074219,594035
2024-07-03 00:00:00+05:30,489.29998779296875,503.0,488.5,496.29998779296875,493.6271667480469,503660
2024-07-04 00:00:00+05:30,497.8999938964844,509.54998779296875,497.29998779296875,506.45001220703125,503.7225036621094,599626
2024-07-05 00:00:00+05:30,506.6499938964844,512.9000244140625,499.0,502.0,499.29644775390625,525068
2024-07-08 00:00:00+05:30,504.79998779296875,506.0,491.70001220703125,495.1000061035156,492.4336242675781,444729
2024-07-09 00:00:00+05:30,495.1000061035156,501.3999938964844,488.0,490.8999938964844,488.2562255859375,303190
2024-07-10 00:00:00+05:30,492.75,493.95001220703125,480.0,491.20001220703125,488.55462646484375,265691
2024-07-11 00:00:00+05:30,490.0,494.1499938964844,482.0,482.79998779296875,480.1998596191406,334326
2024-07-12 00:00:00+05:30,484.70001220703125,490.95001220703125,483.29998779296875,487.29998779296875,484.67559814453125,298701
2024-07-15 00:00:00+05:30,489.6000061035156,492.20001220703125,480.3999938964844,486.95001220703125,484.3275451660156,184782
2024-07-16 00:00:00+05:30,485.8500061035156,488.6499938964844,477.0,479.5,476.91766357421875,248004
2024-07-18 00:00:00+05:30,479.0,480.5,460.1000061035156,462.5,460.0091857910156,682935
2024-07-19 00:00:00+05:30,462.5,465.75,448.29998779296875,453.1000061035156,450.6598205566406,597462
2024-07-22 00:00:00+05:30,440.04998779296875,472.0,440.04998779296875,470.70001220703125,468.1650390625,617635
2024-07-23 00:00:00+05:30,470.0,484.0,446.1000061035156,459.6499938964844,457.1745300292969,562162
2024-07-24 00:00:00+05:30,464.6000061035156,475.8999938964844,460.8999938964844,473.0,470.45263671875,204771
2024-07-25 00:00:00+05:30,465.8999938964844,479.3999938964844,463.54998779296875,469.8999938964844,467.3693542480469,331829
2024-07-26 00:00:00+05:30,474.8999938964844,487.95001220703125,472.5,475.6000061035156,473.0386657714844,576363
2024-07-29 00:00:00+05:30,484.0,489.5,479.20001220703125,481.0,478.4095764160156,562576
2024-07-30 00:00:00+05:30,483.29998779296875,494.79998779296875,478.0,491.5,488.8529968261719,602717
2024-07-31 00:00:00+05:30,491.5,498.8999938964844,490.0,494.5,491.8368835449219,441469
2024-08-01 00:00:00+05:30,494.5,505.70001220703125,493.79998779296875,500.79998779296875,498.1029052734375,684097
2024-08-02 00:00:00+05:30,490.70001220703125,501.8999938964844,486.29998779296875,491.5,488.8529968261719,929863
2024-08-05 00:00:00+05:30,484.8999938964844,484.8999938964844,462.1499938964844,466.29998779296875,463.7887268066406,524030
2024-08-06 00:00:00+05:30,423.0,461.6499938964844,423.0,427.75,425.44635009765625,3269226
2024-08-07 00:00:00+05:30,435.0,442.6499938964844,415.0,415.75,413.5109558105469,1417671
2024-08-08 00:00:00+05:30,418.0,418.0,401.54998779296875,403.1499938964844,400.97882080078125,1802458
2024-08-09 00:00:00+05:30,407.0,420.0,407.0,414.79998779296875,412.5660705566406,647136
2024-08-12 00:00:00+05:30,417.79998779296875,418.5,404.25,405.29998779296875,403.11724853515625,675559
2024-08-13 00:00:00+05:30,405.95001220703125,409.3999938964844,398.29998779296875,402.04998779296875,399.8847351074219,524931
2024-08-14 00:00:00+05:30,405.8999938964844,408.3500061035156,390.6000061035156,406.1499938964844,403.962646484375,568286
2024-08-16 00:00:00+05:30,415.0,415.1000061035156,407.29998779296875,411.29998779296875,409.0849304199219,360130
2024-08-19 00:00:00+05:30,416.45001220703125,428.95001220703125,414.20001220703125,423.70001220703125,421.41815185546875,583810
2024-08-20 00:00:00+05:30,426.95001220703125,433.70001220703125,423.8500061035156,428.1000061035156,425.7944641113281,387402
2024-08-21 00:00:00+05:30,429.0,443.79998779296875,426.04998779296875,439.5,437.133056640625,550649
2024-08-22 00:00:00+05:30,443.25,446.95001220703125,437.6499938964844,439.1499938964844,436.7849426269531,280853
2024-08-23 00:00:00+05:30,441.6000061035156,462.95001220703125,437.0,454.29998779296875,451.85333251953125,867899
2024-08-26 00:00:00+05:30,455.1000061035156,460.95001220703125,429.0,430.5,428.1815185546875,778137
2024-08-27 00:00:00+05:30,430.95001220703125,439.0,430.95001220703125,436.3999938964844,434.04974365234375,302733
2024-08-28 00:00:00+05:30,436.5,443.8999938964844,435.6000061035156,438.79998779296875,436.43682861328125,240402
2024-08-29 00:00:00+05:30,439.6499938964844,442.29998779296875,434.04998779296875,439.6000061035156,437.2325134277344,317045
2024-08-30 00:00:00+05:30,441.6499938964844,447.6000061035156,435.70001220703125,438.3500061035156,435.9892578125,198388
2024-09-02 00:00:00+05:30,444.0,444.0,435.1000061035156,436.6499938964844,434.29840087890625,153049
2024-09-03 00:00:00+05:30,438.8999938964844,440.5,434.04998779296875,435.70001220703125,433.353515625,288294
2024-09-04 00:00:00+05:30,430.0,438.8999938964844,429.0,437.8999938964844,435.5416564941406,317884
2024-09-05 00:00:00+05:30,438.04998779296875,443.29998779296875,434.95001220703125,435.25,432.90594482421875,159666
2024-09-06 00:00:00+05:30,437.0,443.70001220703125,428.1000061035156,429.6499938964844,427.33612060546875,215639
2024-09-09 00:00:00+05:30,429.6499938964844,429.6499938964844,417.20001220703125,423.20001220703125,420.92083740234375,282767
2024-09-10 00:00:00+05:30,427.0,429.6000061035156,418.75,419.8999938964844,419.1241760253906,394189
2024-09-11 00:00:00+05:30,421.95001220703125,423.20001220703125,418.04998779296875,419.6000061035156,418.8247375488281,132542
2024-09-12 00:00:00+05:30,424.5,474.5,421.25,463.75,462.8931579589844,4113499
2024-09-13 00:00:00+05:30,459.8999938964844,480.5,454.6000061035156,468.1499938964844,467.2850341796875,1757663
2024-09-16 00:00:00+05:30,465.20001220703125,468.95001220703125,452.0,452.8999938964844,452.0632019042969,388930
2024-09-17 00:00:00+05:30,453.8999938964844,454.95001220703125,438.70001220703125,440.5,439.6861267089844,443708
2024-09-18 00:00:00+05:30,442.0,463.70001220703125,441.1000061035156,444.6499938964844,443.8284606933594,883899
2024-09-19 00:00:00+05:30,447.8500061035156,448.95001220703125,435.0,444.79998779296875,443.9781494140625,357990
2024-09-20 00:00:00+05:30,448.0,448.0,438.20001220703125,443.04998779296875,442.23138427734375,247317
2024-09-23 00:00:00+05:30,443.04998779296875,452.3999938964844,441.25,444.1000061035156,443.27947998046875,205633
2024-09-24 00:00:00+05:30,444.1000061035156,447.1499938964844,438.6000061035156,440.1499938964844,439.3367614746094,168303
2024-09-25 00:00:00+05:30,444.54998779296875,472.79998779296875,442.3999938964844,458.54998779296875,457.7027587890625,2830339
2024-09-26 00:00:00+05:30,460.04998779296875,462.6000061035156,446.79998779296875,451.1000061035156,450.26654052734375,351130
2024-09-27 00:00:00+05:30,453.0,460.6000061035156,438.1499938964844,440.79998779296875,439.9855651855469,498766
2024-09-30 00:00:00+05:30,445.5,446.0,420.20001220703125,424.79998779296875,424.0151062011719,686749
2024-10-01 00:00:00+05:30,427.79998779296875,431.25,425.8500061035156,428.45001220703125,427.65838623046875,423669
2024-10-03 00:00:00+05:30,420.0,426.3500061035156,417.29998779296875,423.95001220703125,423.1667175292969,307064
2024-10-04 00:00:00+05:30,425.29998779296875,425.29998779296875,414.3500061035156,416.0,415.23138427734375,294215
2024-10-07 00:00:00+05:30,419.8999938964844,421.3999938964844,400.70001220703125,408.95001220703125,408.1944274902344,366047
2024-10-08 00:00:00+05:30,410.1000061035156,413.04998779296875,402.0,407.6000061035156,406.846923828125,372772
2024-10-09 00:00:00+05:30,412.3500061035156,413.5,408.04998779296875,408.8500061035156,408.0946044921875,346367
2024-10-10 00:00:00+05:30,410.04998779296875,419.79998779296875,409.20001220703125,412.6000061035156,411.8376770019531,405277
2024-10-11 00:00:00+05:30,415.79998779296875,419.0,411.6499938964844,416.8500061035156,416.079833984375,182942
2024-10-14 00:00:00+05:30,418.54998779296875,419.04998779296875,409.5,415.70001220703125,414.93194580078125,246204
2024-10-15 00:00:00+05:30,418.1499938964844,418.45001220703125,411.20001220703125,412.70001220703125,411.9375,184821
2024-10-16 00:00:00+05:30,411.1499938964844,413.8999938964844,408.25,409.20001220703125,408.4439697265625,270379
2024-10-17 00:00:00+05:30,409.45001220703125,410.8999938964844,403.3999938964844,405.75,405.0003356933594,328796
2024-10-18 00:00:00+05:30,404.0,416.0,398.8999938964844,406.8999938964844,406.148193359375,676657
2024-10-21 00:00:00+05:30,407.20001220703125,410.0,400.0,401.3500061035156,400.60845947265625,265782
2024-10-22 00:00:00+05:30,401.8999938964844,402.95001220703125,394.04998779296875,396.3500061035156,395.6177062988281,493822
2024-10-23 00:00:00+05:30,391.1000061035156,399.70001220703125,387.75,393.20001220703125,392.4735412597656,447446
2024-10-24 00:00:00+05:30,394.1000061035156,397.54998779296875,389.3500061035156,393.1000061035156,392.37371826171875,613175
2024-10-25 00:00:00+05:30,399.0,402.3999938964844,376.3500061035156,379.54998779296875,378.8487243652344,795599
2024-10-28 00:00:00+05:30,389.54998779296875,442.5,385.8500061035156,432.1499938964844,431.3515319824219,12240548
2024-10-29 00:00:00+05:30,429.0,509.95001220703125,425.5,497.45001220703125,496.5309143066406,28958820
2024-10-30 00:00:00+05:30,486.29998779296875,509.0,481.45001220703125,505.1499938964844,504.2166748046875,8101062
2024-10-31 00:00:00+05:30,499.0,527.3499755859375,495.0,517.9000244140625,516.943115234375,2424766
2024-11-01 00:00:00+05:30,522.7999877929688,530.0,496.1000061035156,509.0,508.0595703125,604048
2024-11-04 00:00:00+05:30,501.0,545.0,500.0,504.1000061035156,503.1686096191406,7829455
2024-11-05 00:00:00+05:30,507.0,522.4000244140625,501.45001220703125,506.70001220703125,505.7638244628906,1877817
2024-11-06 00:00:00+05:30,508.0,557.0999755859375,502.0,554.1500244140625,553.1261596679688,5325713
2024-11-07 00:00:00+05:30,538.0499877929688,580.25,538.0499877929688,568.3499755859375,567.2998657226562,3132031
2024-11-08 00:00:00+05:30,566.2000122070312,571.7000122070312,545.9500122070312,549.3499755859375,548.3349609375,1604080
2024-11-11 00:00:00+05:30,549.3499755859375,559.0,538.0999755859375,550.5499877929688,549.5327758789062,1067423
2024-11-12 00:00:00+05:30,543.0,554.5499877929688,530.0,537.7999877929688,536.8063354492188,978958
2024-11-13 00:00:00+05:30,529.9500122070312,543.4500122070312,522.75,536.9000244140625,535.9080200195312,1047629
2024-11-14 00:00:00+05:30,539.8499755859375,558.0,537.0499877929688,547.6500244140625,546.63818359375,855834
2024-11-18 00:00:00+05:30,550.0,566.0,533.3499755859375,560.0999755859375,559.0651245117188,891959
2024-11-19 00:00:00+05:30,570.0,584.0,552.7999877929688,559.4000244140625,558.366455078125,1690701
2024-11-21 00:00:00+05:30,554.9500122070312,560.0,527.0499877929688,535.4500122070312,534.460693359375,765828
2024-11-22 00:00:00+05:30,537.0,540.9000244140625,519.0999755859375,527.3499755859375,526.3756103515625,576212
2024-11-25 00:00:00+05:30,539.0,560.0,532.0,555.9000244140625,554.8729248046875,805658
2024-11-26 00:00:00+05:30,559.6500244140625,559.6500244140625,543.0499877929688,545.9000244140625,544.8914184570312,494468
2024-11-27 00:00:00+05:30,551.25,581.0,548.7999877929688,564.0,562.9579467773438,2130737
2024-11-28 00:00:00+05:30,564.0,590.0,560.0499877929688,580.4000244140625,579.32763671875,1785602
2024-11-29 00:00:00+05:30,582.9000244140625,585.9000244140625,561.0,566.1500244140625,565.10400390625,819686
2024-12-02 00:00:00+05:30,564.0,582.6500244140625,561.0499877929688,579.8499755859375,578.7786254882812,935157
2024-12-03 00:00:00+05:30,585.0,595.0,577.2000122070312,583.9000244140625,582.8211669921875,887851
2024-12-04 00:00:00+05:30,583.5499877929688,590.0,564.0,566.9000244140625,565.8526000976562,1032220
2024-12-05 00:00:00+05:30,572.0,573.0,541.0,557.0499877929688,556.020751953125,1526774
2024-12-06 00:00:00+05:30,557.0999755859375,560.0,550.0,550.9000244140625,549.8821411132812,651734
2024-12-09 00:00:00+05:30,551.7999877929688,559.3499755859375,550.0,555.9500122070312,554.9228515625,543861
2024-12-10 00:00:00+05:30,557.7000122070312,586.5,550.8499755859375,578.6500244140625,577.5808715820312,2413140
2024-12-11 00:00:00+05:30,582.0,604.7000122070312,581.5499877929688,595.9000244140625,594.7990112304688,2987941
2024-12-12 00:00:00+05:30,599.7999877929688,614.3499755859375,593.8499755859375,599.7999877929688,598.6917724609375,2665236
2024-12-13 00:00:00+05:30,596.5,612.0,578.3499755859375,607.5,606.3775634765625,1695559
2024-12-16 00:00:00+05:30,613.0,620.0,602.7000122070312,607.5499877929688,606.427490234375,1002960
2024-12-17 00:00:00+05:30,608.9500122070312,619.5,601.0,605.6500244140625,604.531005859375,879070
2024-12-18 00:00:00+05:30,605.0499877929688,608.2999877929688,587.0,593.4000244140625,592.3036499023438,631364
2024-12-19 00:00:00+05:30,575.0,631.7999877929688,572.0,614.7000122070312,613.5642700195312,3770564
2024-12-20 00:00:00+05:30,620.5,621.8499755859375,585.7999877929688,595.0,593.900634765625,1268832
2024-12-23 00:00:00+05:30,600.9000244140625,619.0,579.0499877929688,606.25,605.1298828125,1626931
2024-12-24 00:00:00+05:30,610.0,615.5499877929688,596.0999755859375,599.5,598.392333984375,754212
2024-12-26 00:00:00+05:30,599.5,603.6500244140625,587.0,589.5499877929688,588.460693359375,527083
2024-12-27 00:00:00+05:30,592.0,604.2999877929688,583.0,596.25,595.1483764648438,671207
2024-12-30 00:00:00+05:30,599.0,600.1500244140625,575.0,578.6500244140625,577.5808715820312,756336
